DistanceFromHome,Education,EnvironmentSatisfaction,JobRole,MonthlyIncome,YearsAtCompany,Attrition
1,2,2,Sales Executive,5993,6,Yes
8,1,3,Research Scientist,5130,10,No
2,2,4,Laboratory Technician,2090,0,Yes
3,4,4,Research Scientist,2909,8,No
2,1,1,Laboratory Technician,3468,2,No
2,2,4,Laboratory Technician,3068,7,No
3,3,3,Laboratory Technician,2670,1,No
24,1,4,Laboratory Technician,2693,1,No
23,3,4,Manufacturing Director,9526,9,No
27,3,3,Healthcare Representative,5237,7,No
16,3,1,Laboratory Technician,2426,5,No
15,2,4,Laboratory Technician,4193,9,No
26,1,1,Research Scientist,2911,5,No
19,2,2,Laboratory Technician,2661,2,No
24,3,3,Laboratory Technician,2028,4,Yes
21,4,2,Manufacturing Director,9980,10,No
5,2,1,Research Scientist,3298,6,No
16,2,4,Laboratory Technician,2935,1,No
2,4,1,Manager,15427,25,No
2,3,4,Research Scientist,3944,3,No
11,2,1,Manufacturing Director,4011,4,No
9,4,3,Sales Representative,3407,5,Yes
7,4,1,Research Director,11994,12,No
15,2,3,Research Scientist,1232,0,No
6,1,2,Research Scientist,2960,4,Yes
5,3,3,Manager,19094,14,No
16,1,2,Research Scientist,3919,10,Yes
8,4,3,Sales Executive,6825,9,No
7,4,1,Healthcare Representative,10248,22,No
2,4,2,Manager,18947,2,No
2,3,3,Laboratory Technician,2496,1,No
10,4,4,Healthcare Representative,6465,4,No
9,2,4,Laboratory Technician,2206,10,No
5,3,4,Sales Representative,2086,1,Yes
1,3,2,Research Scientist,2293,2,Yes
2,2,4,Research Scientist,2645,5,No
3,2,1,Sales Representative,2683,3,Yes
2,3,4,Sales Representative,2014,2,No
5,4,2,Research Scientist,3419,1,No
1,3,3,Sales Executive,5376,5,No
4,2,3,Laboratory Technician,1951,1,No
2,4,4,Laboratory Technician,2341,1,No
25,3,1,Laboratory Technician,2293,1,Yes
8,3,4,Sales Executive,8726,9,No
1,2,3,Laboratory Technician,4011,12,No
12,3,2,Research Director,19545,22,Yes
23,4,2,Sales Executive,4568,9,No
19,2,2,Research Scientist,3022,1,No
5,4,1,Sales Executive,5772,9,No
8,1,4,Laboratory Technician,2269,1,No
1,2,1,Laboratory Technician,5381,1,Yes
5,4,3,Laboratory Technician,3441,2,Yes
1,5,2,Sales Executive,5454,4,No
11,2,3,Healthcare Representative,9884,4,No
23,3,3,Sales Executive,4157,2,No
1,2,1,Research Director,13458,15,No
18,5,2,Sales Executive,9069,9,No
23,4,3,Laboratory Technician,4014,2,No
7,4,4,Laboratory Technician,5915,7,No
1,4,1,Manufacturing Director,5993,7,No
1,3,1,Manufacturing Director,6162,9,No
29,5,4,Laboratory Technician,2406,10,No
7,2,2,Research Director,18740,27,No
25,3,1,Sales Executive,7637,21,No
8,3,3,Healthcare Representative,10096,17,No
8,3,4,Manager,14756,5,No
11,3,2,Manufacturing Director,6499,6,No
7,3,2,Research Scientist,9724,1,No
1,3,2,Research Scientist,2194,3,No
9,3,4,Research Scientist,3388,1,Yes
1,1,1,Sales Executive,5473,4,No
2,3,3,Research Scientist,2703,5,No
1,4,3,Research Scientist,2501,1,No
1,3,2,Research Scientist,6220,10,No
6,3,2,Laboratory Technician,3038,1,No
8,4,3,Manufacturing Director,4424,11,No
1,4,3,Sales Executive,4312,15,No
6,4,4,Research Director,13245,0,No
7,4,1,Research Director,13664,5,No
5,2,2,Human Resources,5021,4,No
1,1,4,Laboratory Technician,5126,10,No
1,3,2,Research Scientist,2859,6,No
1,2,1,Sales Executive,10239,1,No
6,3,2,Research Scientist,5329,13,No
1,2,1,Manufacturing Director,4325,5,No
7,3,4,Manufacturing Director,7260,6,No
2,1,3,Sales Representative,2322,0,No
9,4,4,Laboratory Technician,2075,4,No
2,3,3,Healthcare Representative,4152,11,No
9,2,3,Sales Executive,9619,9,Yes
1,4,3,Healthcare Representative,13503,22,No
21,4,3,Sales Executive,5441,10,No
4,2,3,Sales Executive,5209,11,No
1,3,3,Healthcare Representative,10673,10,No
6,4,2,Sales Executive,5010,11,No
2,4,1,Research Director,13549,4,No
3,2,1,Sales Executive,4999,3,No
4,3,2,Sales Executive,4221,5,No
10,4,4,Sales Executive,13872,37,No
23,3,2,Laboratory Technician,2042,3,No
6,4,3,Human Resources,2073,3,Yes
1,1,4,Research Scientist,2956,1,No
6,3,4,Laboratory Technician,2926,1,Yes
6,4,1,Research Scientist,4809,16,No
2,2,3,Healthcare Representative,5163,1,No
2,4,3,Manager,18844,3,No
1,3,1,Research Director,18172,8,No
5,3,3,Sales Executive,5744,6,Yes
7,1,4,Research Scientist,2889,2,No
15,3,2,Laboratory Technician,2871,0,No
1,4,1,Healthcare Representative,7484,13,No
7,3,1,Laboratory Technician,6074,9,Yes
26,3,4,Manager,17328,5,No
18,1,2,Laboratory Technician,2774,5,No
6,4,3,Research Scientist,4505,1,No
3,3,3,Sales Executive,7428,5,No
5,3,3,Manager,11631,11,No
11,2,2,Sales Executive,9738,9,No
3,2,1,Laboratory Technician,2835,1,No
26,2,3,Manager,16959,25,No
23,3,1,Research Scientist,2613,10,No
22,2,3,Sales Executive,6146,7,No
14,4,2,Research Scientist,4963,5,Yes
6,3,1,Research Director,19537,20,No
6,4,2,Sales Executive,6172,7,Yes
6,3,3,Research Scientist,2368,5,No
23,4,4,Healthcare Representative,10312,40,Yes
22,1,4,Sales Representative,1675,0,Yes
2,1,3,Laboratory Technician,2523,2,No
20,4,3,Manufacturing Director,6567,15,No
28,3,2,Research Scientist,4739,3,No
12,3,3,Sales Executive,9208,2,No
20,3,2,Sales Executive,4559,2,Yes
9,1,3,Sales Executive,8189,9,No
25,1,3,Human Resources,2942,8,No
6,2,2,Manufacturing Director,4941,3,No
8,4,1,Manufacturing Director,10650,4,Yes
4,4,4,Sales Executive,5902,15,No
28,3,1,Sales Executive,8639,2,No
9,3,3,Human Resources,6347,11,No
9,3,1,Laboratory Technician,4200,5,Yes
29,3,3,Research Scientist,3452,6,No
3,5,4,Research Scientist,4317,3,No
18,3,1,Research Scientist,2632,5,No
9,2,4,Sales Executive,4668,8,No
5,3,4,Research Scientist,3204,3,No
2,1,2,Laboratory Technician,2720,5,No
10,3,4,Manager,17181,7,No
9,4,3,Laboratory Technician,2238,5,No
3,1,2,Laboratory Technician,1483,1,No
26,3,2,Research Scientist,5605,20,No
1,5,3,Sales Executive,7295,10,No
6,2,2,Sales Representative,2306,7,No
9,3,2,Laboratory Technician,2348,17,No
8,3,2,Sales Executive,8998,9,No
1,1,4,Manufacturing Director,4319,10,No
7,4,2,Manufacturing Director,6132,1,No
9,3,2,Research Scientist,3346,1,No
4,4,3,Sales Executive,10855,12,No
2,4,3,Sales Representative,2231,4,No
19,1,3,Research Scientist,2323,2,No
9,3,4,Research Scientist,2024,2,No
21,3,3,Research Scientist,2713,5,No
24,2,3,Healthcare Representative,9439,5,No
3,3,3,Research Scientist,2566,1,No
11,3,3,Manager,19926,5,No
14,3,1,Research Scientist,2451,9,No
5,3,2,Sales Executive,9419,10,No
1,4,1,Sales Executive,8686,8,No
6,5,3,Research Scientist,3038,5,No
17,3,3,Research Scientist,3058,5,No
1,1,3,Sales Representative,2325,0,Yes
3,2,4,Laboratory Technician,2088,8,No
9,3,3,Laboratory Technician,3072,12,No
4,2,3,Sales Executive,5006,5,No
8,3,3,Research Scientist,4257,2,No
2,3,3,Research Scientist,2500,3,No
2,3,2,Laboratory Technician,1102,1,Yes
1,2,2,Sales Executive,10453,24,No
9,2,3,Laboratory Technician,2288,2,No
12,1,3,Research Scientist,3929,4,No
27,2,4,Research Scientist,2311,3,No
20,2,2,Sales Representative,3140,4,Yes
1,3,3,Laboratory Technician,3690,3,No
13,2,4,Manufacturing Director,4450,4,No
14,3,4,Research Scientist,2756,8,No
4,1,4,Manager,19033,20,No
14,4,3,Research Director,18722,24,No
2,1,4,Manufacturing Director,9547,10,No
3,3,4,Healthcare Representative,13734,7,No
1,4,3,Manager,19999,33,No
9,3,4,Research Scientist,2279,7,No
23,2,2,Manufacturing Director,5916,1,Yes
7,3,4,Research Scientist,2089,5,No
2,2,1,Manager,16792,20,No
21,3,2,Research Scientist,3564,8,No
2,3,2,Laboratory Technician,4425,6,No
21,2,3,Manufacturing Director,5265,5,No
2,4,4,Manufacturing Director,6553,1,No
29,3,4,Manufacturing Director,6261,7,No
1,1,3,Manufacturing Director,4298,2,No
18,4,4,Manufacturing Director,6804,7,No
10,4,4,Research Scientist,3815,5,No
19,2,3,Laboratory Technician,2741,7,No
29,1,2,Healthcare Representative,6673,1,Yes
27,3,2,Sales Executive,7639,10,Yes
5,3,4,Research Scientist,2328,4,No
18,1,2,Laboratory Technician,2153,8,No
9,5,4,Healthcare Representative,4876,3,No
1,4,4,Healthcare Representative,9396,4,No
4,4,4,Sales Executive,10400,14,Yes
1,1,3,Manufacturing Director,8474,11,No
20,3,4,Sales Executive,9981,7,No
8,4,2,Research Director,12490,10,No
3,3,4,Research Scientist,2657,5,Yes
6,3,4,Manager,13591,1,No
26,4,3,Sales Executive,6696,6,Yes
1,3,3,Research Scientist,2058,6,Yes
6,3,4,Sales Executive,8865,19,No
3,3,4,Sales Executive,5940,6,No
5,2,4,Laboratory Technician,5914,13,No
4,4,3,Research Scientist,2622,3,No
11,3,2,Research Director,12185,10,No
3,3,1,Sales Executive,10609,16,No
1,4,3,Manufacturing Director,4345,5,No
3,3,3,Research Scientist,2177,1,No
4,4,1,Sales Representative,2793,9,No
1,1,2,Sales Executive,7918,11,No
1,3,3,Sales Executive,8789,10,No
18,1,3,Research Scientist,2389,4,Yes
2,3,3,Laboratory Technician,3212,2,No
4,2,3,Manager,19232,22,No
6,2,2,Human Resources,2267,2,No
1,4,4,Manager,19517,7,No
14,3,3,Laboratory Technician,2436,5,Yes
16,3,4,Manager,16064,17,No
2,2,1,Laboratory Technician,2707,9,Yes
2,4,1,Manager,19068,33,No
4,2,3,Sales Representative,3931,4,No
1,3,4,Laboratory Technician,3730,3,Yes
1,4,3,Laboratory Technician,2232,3,No
26,4,3,Sales Executive,4465,3,No
19,2,3,Research Scientist,3072,1,No
24,2,1,Research Scientist,3319,9,No
1,3,3,Manager,19202,24,No
3,4,2,Research Director,13675,2,No
5,4,3,Research Scientist,2911,2,No
2,4,4,Manufacturing Director,5957,11,No
1,2,3,Research Scientist,3920,3,No
7,4,1,Manufacturing Director,6434,3,No
10,3,1,Manufacturing Director,10048,1,Yes
2,4,3,Healthcare Representative,10938,19,No
15,3,3,Research Scientist,2340,6,No
17,2,4,Research Scientist,6545,3,No
20,2,4,Sales Executive,6931,3,No
1,3,1,Manufacturing Director,4898,4,No
2,3,4,Laboratory Technician,2593,9,No
2,2,1,Research Director,19436,21,No
1,3,3,Research Scientist,2723,1,No
29,2,3,Laboratory Technician,3479,5,Yes
7,3,2,Laboratory Technician,2794,5,No
2,2,4,Sales Executive,5249,8,No
2,1,4,Laboratory Technician,2176,6,No
2,3,3,Manager,16872,7,No
2,4,1,Laboratory Technician,3485,0,Yes
2,3,1,Sales Executive,6644,0,No
23,3,2,Healthcare Representative,5582,9,No
5,2,2,Healthcare Representative,4000,6,No
20,2,3,Healthcare Representative,13496,20,No
6,3,4,Laboratory Technician,3210,15,No
1,3,4,Manager,19045,36,No
29,4,1,Manager,11849,10,Yes
9,3,4,Research Scientist,2070,5,No
6,4,3,Sales Executive,6502,5,No
3,2,4,Research Scientist,3230,3,No
1,4,1,Research Director,13603,5,No
22,3,2,Manager,11996,7,No
7,2,1,Sales Executive,5605,8,No
1,3,3,Manufacturing Director,6397,6,No
4,1,1,Research Director,19144,10,No
3,4,3,Research Director,17584,5,No
1,1,2,Sales Executive,4907,20,No
2,2,2,Sales Executive,4554,10,No
20,2,2,Laboratory Technician,5415,10,No
11,2,1,Healthcare Representative,4741,5,No
1,3,4,Research Scientist,2115,17,No
24,3,4,Laboratory Technician,3161,1,Yes
23,4,4,Healthcare Representative,5745,2,No
16,4,1,Laboratory Technician,2373,3,Yes
8,2,4,Research Scientist,3310,5,No
10,4,3,Research Director,18665,3,No
3,3,3,Research Scientist,4485,8,No
5,3,4,Sales Representative,2789,2,No
4,4,4,Sales Executive,5828,8,Yes
9,3,2,Research Scientist,2326,4,No
26,3,3,Sales Executive,13525,20,No
3,3,3,Laboratory Technician,1420,0,Yes
16,3,3,Sales Executive,8020,11,No
18,4,3,Laboratory Technician,3688,1,No
2,3,4,Manufacturing Director,5482,4,No
2,4,4,Manager,16015,22,No
10,3,4,Sales Representative,1200,0,No
16,2,2,Healthcare Representative,5661,8,No
7,3,2,Sales Executive,6929,8,No
1,3,3,Healthcare Representative,9613,18,No
24,4,2,Laboratory Technician,5674,9,No
7,3,4,Sales Executive,5484,13,No
25,2,1,Research Director,12061,10,No
1,4,4,Healthcare Representative,5660,5,No
5,4,3,Research Scientist,4821,5,No
2,3,1,Human Resources,6410,2,No
7,3,1,Laboratory Technician,5210,24,No
2,4,3,Research Scientist,2695,2,No
5,4,4,Manager,11878,10,No
10,1,3,Manager,17068,21,No
10,4,3,Laboratory Technician,2455,8,No
1,2,3,Healthcare Representative,13964,7,No
8,4,3,Research Scientist,4941,8,Yes
5,3,3,Research Scientist,2478,4,No
8,2,3,Sales Executive,5228,13,No
2,3,4,Sales Executive,4478,5,No
7,3,4,Sales Executive,7547,7,No
2,4,1,Research Scientist,5055,7,No
2,4,1,Research Scientist,3464,3,Yes
28,2,4,Research Scientist,5775,10,No
7,2,3,Manufacturing Director,8943,10,No
7,2,3,Manager,19272,21,No
3,2,4,Sales Executive,5238,1,Yes
10,3,2,Sales Executive,4682,7,No
5,5,4,Research Director,18300,3,No
10,4,3,Laboratory Technician,5257,9,No
1,1,3,Sales Executive,6349,5,No
20,4,4,Research Scientist,4869,4,No
7,3,3,Healthcare Representative,9985,1,No
8,4,4,Research Scientist,3697,10,No
1,2,2,Sales Executive,7457,4,No
8,4,2,Laboratory Technician,2119,7,Yes
9,5,2,Laboratory Technician,3983,3,No
5,3,4,Sales Executive,6118,10,No
8,4,2,Sales Executive,6214,8,No
5,2,4,Manufacturing Director,6347,6,No
15,2,3,Research Director,11510,11,No
7,4,3,Manufacturing Director,7143,11,No
10,1,4,Sales Executive,8268,7,No
5,4,3,Manufacturing Director,8095,16,No
26,1,3,Research Scientist,2904,4,No
6,3,4,Manufacturing Director,6032,5,No
4,1,2,Sales Representative,2976,0,No
23,5,1,Research Director,15992,1,No
2,3,4,Sales Executive,4649,4,No
2,1,3,Human Resources,2696,3,No
2,3,3,Laboratory Technician,2370,8,No
29,1,1,Manager,12504,0,No
6,3,3,Research Scientist,5974,7,No
25,2,4,Sales Executive,4736,2,No
1,3,3,Sales Executive,5296,8,No
2,4,1,Healthcare Representative,6781,1,No
1,1,1,Sales Representative,2174,3,Yes
1,5,4,Sales Executive,6653,1,No
3,4,1,Sales Executive,9699,13,No
1,4,4,Healthcare Representative,6755,3,No
10,4,4,Laboratory Technician,2213,7,No
9,2,1,Sales Representative,2610,3,No
5,3,4,Sales Representative,2851,1,Yes
10,3,3,Laboratory Technician,3452,5,No
7,4,3,Manufacturing Director,5258,1,No
4,3,1,Sales Executive,9355,8,Yes
10,3,4,Healthcare Representative,10496,4,No
22,2,3,Sales Executive,6380,6,Yes
9,4,3,Research Scientist,2657,2,No
12,3,3,Sales Representative,2716,1,Yes
23,3,4,Research Scientist,2201,3,No
9,4,3,Healthcare Representative,6540,1,No
1,2,4,Laboratory Technician,3816,5,No
9,4,2,Sales Executive,5253,7,No
7,3,2,Healthcare Representative,10965,5,No
14,2,3,Sales Executive,4936,7,No
2,3,4,Research Scientist,2543,2,No
19,3,1,Sales Executive,5304,5,Yes
2,3,3,Manager,16659,5,No
10,4,4,Sales Executive,4260,5,No
2,1,3,Sales Representative,2476,1,No
3,1,3,Research Scientist,3102,6,Yes
11,3,1,Research Scientist,2244,2,No
2,2,2,Sales Executive,7596,10,No
4,3,3,Research Scientist,2285,1,Yes
14,3,4,Laboratory Technician,3034,18,No
2,2,4,Sales Executive,5715,5,No
1,4,2,Laboratory Technician,2576,5,No
10,4,3,Manufacturing Director,4197,1,No
12,3,1,Research Director,14336,25,No
2,3,2,Laboratory Technician,3448,1,No
5,2,1,Research Director,19406,4,No
4,4,3,Sales Executive,6538,3,No
7,2,2,Manufacturing Director,4306,13,No
21,3,4,Laboratory Technician,2258,3,No
8,4,3,Healthcare Representative,4522,5,No
4,2,2,Sales Executive,4487,5,No
25,5,2,Research Scientist,4449,13,No
1,2,4,Laboratory Technician,2218,4,No
1,1,2,Manager,19197,21,No
6,3,3,Sales Executive,13212,7,No
12,3,2,Sales Executive,6577,5,No
1,3,2,Sales Executive,8392,10,No
17,2,3,Laboratory Technician,4558,10,No
3,3,1,Laboratory Technician,4031,2,Yes
3,3,4,Manufacturing Director,7969,5,No
10,2,1,Research Scientist,2654,2,No
4,2,4,Manager,16555,5,No
29,2,1,Research Scientist,4556,5,No
2,3,3,Manufacturing Director,6091,5,No
7,3,1,Manager,19566,29,No
18,3,3,Manufacturing Director,4810,10,No
28,4,4,Healthcare Representative,4523,6,No
1,1,1,Sales Representative,3202,5,Yes
6,2,4,Sales Representative,2351,2,Yes
2,2,4,Laboratory Technician,1702,1,No
2,4,3,Manager,18041,20,No
23,3,1,Research Scientist,2886,3,No
3,3,3,Laboratory Technician,2097,5,No
3,4,2,Research Director,11935,10,No
25,5,3,Research Scientist,2546,2,Yes
2,2,1,Human Resources,2564,1,Yes
22,4,3,Sales Executive,8412,9,No
29,3,1,Manager,14118,1,No
29,4,2,Manager,17046,27,No
2,3,3,Laboratory Technician,2564,11,No
28,3,3,Sales Executive,10266,18,No
2,2,1,Manufacturing Director,5070,5,No
2,3,1,Research Director,17861,3,No
22,3,4,Laboratory Technician,4230,5,No
8,4,3,Laboratory Technician,3780,1,No
2,4,4,Research Scientist,2768,7,No
10,3,3,Sales Executive,9071,3,No
9,1,3,Manufacturing Director,10648,13,No
15,1,2,Manager,13610,7,Yes
10,1,1,Laboratory Technician,3408,4,Yes
7,1,4,Sales Representative,2983,3,No
16,3,4,Healthcare Representative,7632,8,No
20,3,1,Healthcare Representative,9824,1,Yes
23,3,2,Human Resources,9950,3,Yes
5,2,2,Laboratory Technician,2093,2,No
10,4,2,Sales Executive,9980,10,No
4,1,3,Laboratory Technician,3894,2,Yes
2,5,2,Sales Executive,4051,9,No
18,5,1,Manager,16835,10,No
10,2,4,Sales Executive,6230,14,No
1,3,2,Sales Executive,4717,11,No
6,3,2,Manufacturing Director,13237,20,No
8,1,3,Laboratory Technician,3755,8,No
2,1,2,Sales Executive,6582,6,No
24,3,4,Manufacturing Director,7406,10,No
2,3,4,Sales Executive,4805,8,No
17,4,2,Human Resources,2741,7,Yes
19,3,4,Manufacturing Director,4262,3,No
1,5,1,Research Director,16184,6,No
7,3,3,Manager,11557,5,No
5,3,2,Sales Representative,1878,0,Yes
28,3,3,Sales Executive,10932,1,No
2,4,1,Healthcare Representative,6811,8,No
29,2,1,Sales Executive,4306,0,No
1,3,1,Sales Executive,4859,5,No
21,4,4,Sales Executive,5337,10,No
24,3,3,Laboratory Technician,2340,1,Yes
1,3,2,Manufacturing Director,7491,6,No
18,1,1,Healthcare Representative,10527,2,No
2,5,2,Manager,16595,18,No
9,4,1,Sales Executive,8834,9,No
6,2,4,Research Scientist,5577,10,No
11,4,4,Sales Executive,4707,4,Yes
24,3,4,Sales Representative,2400,2,No
10,3,3,Healthcare Representative,9824,1,No
1,4,2,Manufacturing Director,6447,6,No
18,4,4,Research Director,19502,31,No
23,3,2,Research Scientist,2725,6,No
28,2,1,Sales Executive,6272,5,No
17,2,4,Laboratory Technician,2127,1,No
3,3,1,Manager,18200,32,No
13,1,2,Sales Representative,2096,7,No
7,3,1,Laboratory Technician,2886,6,Yes
12,4,2,Sales Representative,2033,1,Yes
1,2,2,Research Scientist,3622,6,No
13,4,2,Sales Executive,4233,3,Yes
25,2,1,Laboratory Technician,3681,3,No
6,4,1,Sales Executive,5460,7,No
6,4,1,Research Scientist,2187,5,No
2,3,4,Sales Executive,9602,3,No
1,3,4,Research Scientist,2836,1,No
2,4,3,Healthcare Representative,4089,10,No
6,4,2,Research Director,16627,1,No
1,1,3,Research Scientist,2619,0,No
9,5,4,Laboratory Technician,5679,8,No
1,4,4,Manager,15402,3,No
1,4,1,Human Resources,5985,2,No
14,3,3,Sales Representative,2579,8,No
2,1,3,Sales Representative,3041,4,Yes
22,1,3,Sales Representative,3447,3,No
3,4,4,Manager,19513,2,No
6,1,1,Research Scientist,2773,2,No
8,4,3,Sales Executive,7104,5,No
9,4,1,Research Scientist,6322,6,No
3,3,3,Research Scientist,2083,1,No
1,1,4,Sales Executive,8381,14,No
1,5,2,Research Scientist,2691,10,No
26,4,1,Sales Executive,4286,1,Yes
6,3,3,Laboratory Technician,2659,3,No
3,3,3,Manufacturing Director,9434,10,No
3,2,2,Sales Executive,5561,6,No
6,4,2,Research Scientist,6646,17,No
6,3,3,Healthcare Representative,7725,13,No
19,4,3,Human Resources,10725,9,No
9,2,2,Manufacturing Director,8847,3,No
3,4,1,Research Scientist,2045,4,No
10,1,4,Research Scientist,1009,1,Yes
3,3,1,Research Scientist,3348,10,Yes
3,3,3,Laboratory Technician,1281,1,No
4,3,1,Research Scientist,2819,3,No
8,3,4,Sales Executive,4851,3,No
7,4,4,Sales Executive,4028,7,No
1,4,2,Research Scientist,2720,10,No
2,1,2,Sales Executive,8120,2,No
3,1,4,Sales Executive,4647,6,No
10,2,4,Research Scientist,4680,1,No
28,1,4,Laboratory Technician,3221,20,No
9,3,4,Healthcare Representative,8621,8,No
3,2,1,Sales Executive,4577,2,Yes
2,4,4,Healthcare Representative,4553,20,No
10,3,4,Sales Executive,5396,10,No
8,2,2,Sales Executive,6796,4,Yes
1,4,2,Healthcare Representative,7625,9,No
1,2,3,Manufacturing Director,7412,9,No
3,2,3,Research Director,11159,7,No
14,4,4,Sales Executive,4960,7,No
5,4,4,Sales Executive,10475,18,No
7,3,3,Research Director,14814,5,No
10,4,2,Manager,19141,21,No
16,4,1,Sales Executive,5405,2,No
10,2,4,Manufacturing Director,8793,9,No
1,3,4,Manager,19189,22,No
8,4,4,Sales Representative,3875,2,No
1,2,1,Research Scientist,2216,7,Yes
8,3,1,Research Director,11713,8,No
1,3,3,Manufacturing Director,7861,1,No
24,3,1,Laboratory Technician,3708,5,No
3,3,4,Sales Executive,13770,22,No
27,5,3,Sales Executive,5304,8,No
10,3,3,Sales Representative,2642,1,No
19,3,3,Research Scientist,2759,2,Yes
15,3,4,Sales Executive,6804,2,No
8,2,2,Healthcare Representative,6142,5,No
9,1,2,Laboratory Technician,2500,4,No
3,3,3,Human Resources,6389,8,No
9,3,3,Healthcare Representative,11103,10,No
2,1,4,Research Scientist,2342,4,No
7,3,4,Healthcare Representative,6811,7,No
10,3,4,Sales Representative,2297,2,No
6,3,4,Laboratory Technician,2450,2,No
2,4,4,Healthcare Representative,5093,1,No
24,4,1,Laboratory Technician,5309,10,No
2,5,4,Research Scientist,3057,1,No
8,5,2,Manufacturing Director,5121,0,No
3,4,3,Manager,16856,34,No
1,4,4,Research Scientist,2686,10,Yes
26,1,3,Sales Executive,6180,6,No
2,2,2,Sales Representative,6632,8,No
10,1,1,Research Scientist,3505,2,No
27,2,2,Sales Executive,6397,5,Yes
2,3,4,Sales Executive,6274,6,No
2,3,4,Manager,19859,5,Yes
8,4,1,Sales Executive,7587,10,No
19,4,4,Research Scientist,4258,4,No
1,2,1,Laboratory Technician,4364,2,No
27,3,2,Healthcare Representative,4335,8,No
8,3,4,Sales Executive,5326,4,Yes
1,4,2,Research Scientist,3280,4,No
19,4,4,Manufacturing Director,5485,5,No
8,1,3,Sales Executive,4342,4,No
10,1,4,Research Scientist,2782,5,No
2,4,1,Manufacturing Director,5980,15,No
2,4,3,Research Scientist,4381,6,No
8,4,1,Sales Representative,2572,3,No
1,3,4,Laboratory Technician,3833,2,No
2,2,3,Healthcare Representative,4244,8,No
8,2,3,Sales Executive,6500,3,No
8,3,2,Manager,18430,24,No
6,3,3,Laboratory Technician,1601,0,Yes
9,3,3,Laboratory Technician,2694,1,No
11,4,4,Laboratory Technician,3149,5,No
2,3,3,Research Director,17639,4,No
1,2,2,Laboratory Technician,2319,1,Yes
7,3,3,Research Director,11691,13,No
16,3,1,Sales Executive,5324,3,Yes
2,2,3,Manager,16752,26,No
1,3,3,Manufacturing Director,5228,9,No
23,2,3,Research Scientist,2700,10,No
2,4,4,Research Director,19246,31,Yes
1,4,4,Research Scientist,2506,2,No
1,2,4,Manufacturing Director,6062,4,No
2,4,3,Research Scientist,4382,2,Yes
13,3,3,Human Resources,2143,5,No
4,3,3,Manufacturing Director,6162,14,No
16,4,1,Laboratory Technician,5094,1,No
2,3,3,Manufacturing Director,6877,0,No
2,3,2,Research Scientist,2274,1,No
29,3,2,Manufacturing Director,4434,9,No
12,3,1,Healthcare Representative,6288,4,No
16,4,3,Research Scientist,2553,5,No
11,3,3,Sales Executive,7654,9,Yes
2,1,3,Sales Executive,5160,9,Yes
14,2,2,Research Director,17159,4,No
5,1,3,Research Director,12808,9,No
7,3,3,Manufacturing Director,10221,8,No
2,4,2,Sales Executive,4779,8,No
3,2,3,Human Resources,3737,3,No
5,2,3,Research Scientist,2366,8,Yes
3,3,4,Research Scientist,1706,0,No
26,4,1,Manager,16307,20,No
4,3,4,Healthcare Representative,5933,5,No
2,1,1,Research Scientist,3424,4,No
1,3,1,Sales Executive,4037,9,No
27,1,3,Research Scientist,2559,6,No
1,2,2,Sales Executive,6201,18,No
13,4,2,Sales Executive,4403,5,No
5,4,2,Research Scientist,3761,5,No
7,2,1,Sales Executive,10934,5,No
9,3,4,Sales Executive,10761,5,No
8,2,3,Research Scientist,5175,5,No
25,4,3,Manufacturing Director,13826,9,No
16,4,4,Sales Executive,6334,1,No
8,2,2,Human Resources,4936,5,No
1,2,4,Manufacturing Director,4775,2,No
8,4,1,Laboratory Technician,2818,3,No
2,1,2,Research Scientist,2515,2,No
8,3,1,Human Resources,2342,5,No
3,1,3,Sales Executive,4194,5,No
9,3,4,Manufacturing Director,10685,17,No
25,4,4,Research Scientist,2022,10,Yes
1,3,4,Laboratory Technician,2314,3,No
4,1,3,Sales Executive,4256,5,No
1,3,3,Research Scientist,3580,4,No
4,1,1,Laboratory Technician,3162,5,No
5,2,2,Sales Executive,6524,10,No
9,3,2,Sales Representative,2899,2,No
3,3,3,Laboratory Technician,5231,5,No
11,4,4,Research Scientist,2356,6,No
1,3,2,Sales Representative,2800,3,Yes
8,3,1,Sales Executive,11836,2,No
25,3,4,Manufacturing Director,10903,13,No
21,2,3,Sales Representative,2973,5,No
23,4,4,Research Director,14275,12,No
1,3,4,Healthcare Representative,5562,5,No
2,2,3,Sales Executive,4537,7,No
19,2,1,Sales Executive,7642,10,No
2,4,1,Manager,17924,31,No
2,3,4,Human Resources,5204,5,No
3,2,4,Human Resources,2277,4,No
25,4,1,Laboratory Technician,2795,1,Yes
7,1,1,Laboratory Technician,2532,4,No
9,2,2,Research Scientist,2559,8,No
5,4,1,Sales Executive,4908,4,No
2,1,4,Laboratory Technician,2380,1,Yes
8,3,1,Manufacturing Director,4765,1,No
2,3,3,Sales Representative,2044,2,Yes
18,1,4,Research Scientist,2693,1,Yes
14,1,3,Healthcare Representative,6586,16,No
2,4,4,Sales Representative,3294,3,No
3,1,2,Manufacturing Director,4171,3,Yes
2,4,2,Laboratory Technician,2778,7,Yes
9,3,3,Research Scientist,2377,2,No
6,3,4,Laboratory Technician,2404,2,Yes
4,3,2,Research Scientist,2318,1,No
10,3,2,Laboratory Technician,2008,1,No
14,2,3,Sales Executive,6244,5,No
1,4,3,Research Scientist,2799,3,No
5,3,3,Healthcare Representative,10552,6,No
7,4,2,Sales Representative,2329,7,No
21,1,4,Healthcare Representative,4014,10,No
8,2,1,Laboratory Technician,7403,26,No
20,4,4,Research Scientist,2259,0,No
20,2,4,Sales Executive,6932,9,No
7,4,2,Research Scientist,4678,6,No
1,3,4,Research Director,13582,15,No
1,3,3,Laboratory Technician,2332,3,No
19,2,3,Sales Representative,2413,1,Yes
10,4,1,Sales Executive,9705,1,No
1,3,3,Sales Executive,4294,7,No
6,3,4,Laboratory Technician,4721,18,No
2,4,3,Laboratory Technician,2519,11,No
21,3,4,Sales Representative,2121,1,Yes
4,3,1,Laboratory Technician,2973,1,Yes
12,3,4,Healthcare Representative,5855,9,No
9,4,4,Research Scientist,3617,1,No
3,4,3,Manufacturing Director,6725,8,No
3,1,3,Sales Executive,10325,16,Yes
1,3,2,Healthcare Representative,6949,5,No
1,4,1,Sales Executive,10609,14,Yes
4,2,3,Laboratory Technician,4447,9,No
20,3,3,Sales Representative,2157,3,No
18,3,3,Sales Executive,4601,5,No
1,2,4,Manager,17099,9,No
2,3,4,Research Scientist,2479,1,Yes
2,2,3,Manager,14852,17,No
8,2,3,Sales Executive,7264,8,No
10,3,3,Sales Executive,5666,5,No
3,4,4,Sales Executive,7823,10,No
2,5,1,Sales Executive,7880,8,No
24,3,2,Sales Executive,13194,1,Yes
16,4,3,Manufacturing Director,5067,19,No
8,4,1,Sales Executive,5079,7,No
9,2,3,Research Scientist,2321,3,Yes
17,3,4,Manager,17444,10,No
10,3,4,Research Scientist,2404,0,Yes
13,1,2,Research Scientist,3452,3,No
1,4,4,Laboratory Technician,2270,5,No
1,2,4,Research Director,17399,5,No
1,4,3,Healthcare Representative,5488,6,No
9,3,1,Research Director,19419,18,No
16,4,3,Laboratory Technician,2811,2,No
23,2,4,Laboratory Technician,3633,9,No
4,2,4,Sales Executive,4163,9,No
22,3,1,Research Scientist,2132,5,Yes
24,3,4,Manufacturing Director,13973,12,No
10,1,3,Research Scientist,2684,2,No
7,2,4,Manufacturing Director,10845,8,No
17,1,4,Manufacturing Director,4377,4,No
14,4,3,Laboratory Technician,3743,4,Yes
1,1,3,Manufacturing Director,4148,4,No
5,2,2,Research Scientist,1051,0,No
17,3,3,Manufacturing Director,10739,10,No
25,4,3,Healthcare Representative,10388,16,No
8,2,2,Research Director,11416,8,No
11,3,4,Research Scientist,2600,1,Yes
5,3,2,Laboratory Technician,2422,3,Yes
2,2,4,Manufacturing Director,5472,8,No
8,1,2,Laboratory Technician,2451,4,No
6,3,1,Healthcare Representative,4240,2,No
4,4,3,Healthcare Representative,10999,15,No
7,2,4,Manufacturing Director,5003,2,No
1,1,4,Manufacturing Director,12742,21,No
2,4,1,Manufacturing Director,4227,3,No
10,3,2,Laboratory Technician,3917,3,No
5,2,4,Manager,18303,1,No
9,3,1,Laboratory Technician,2380,1,No
2,3,3,Manufacturing Director,13726,5,No
11,2,1,Healthcare Representative,4777,1,Yes
18,4,3,Healthcare Representative,6385,8,No
7,1,2,Research Director,19973,21,No
3,4,2,Sales Executive,6861,1,No
29,2,2,Sales Executive,4969,2,Yes
2,1,1,Manager,19845,32,Yes
28,3,4,Sales Executive,13320,12,No
1,3,4,Sales Executive,6347,18,No
16,4,3,Laboratory Technician,2743,17,Yes
22,3,4,Manufacturing Director,10880,21,No
8,1,2,Sales Representative,2342,2,No
11,2,4,Manager,17650,9,No
29,4,4,Laboratory Technician,4025,8,No
1,4,2,Sales Executive,9725,15,No
1,2,2,Manager,11904,6,No
24,4,2,Human Resources,2177,6,No
2,3,3,Sales Executive,7525,15,No
15,3,1,Laboratory Technician,4834,1,Yes
2,3,1,Research Scientist,2042,3,Yes
10,4,3,Sales Representative,2220,1,No
10,1,4,Sales Representative,1052,1,No
3,4,3,Research Scientist,2821,2,No
2,4,2,Research Director,19237,8,No
3,3,4,Healthcare Representative,4107,4,No
26,3,3,Sales Executive,8396,7,No
1,1,1,Research Scientist,2007,5,No
1,4,4,Research Director,19627,2,No
2,4,3,Sales Executive,10686,9,No
9,3,1,Research Scientist,2942,5,No
12,5,4,Manufacturing Director,8858,14,No
2,1,3,Manager,16756,9,No
25,3,3,Sales Executive,10798,1,No
9,3,4,Sales Representative,2323,2,Yes
10,3,3,Laboratory Technician,1416,1,Yes
8,4,4,Research Scientist,4615,16,No
4,4,1,Research Scientist,2461,10,Yes
24,2,2,Healthcare Representative,8722,10,Yes
1,2,1,Laboratory Technician,3955,5,No
20,3,3,Manufacturing Director,9957,6,No
7,2,2,Research Scientist,3376,10,No
17,1,3,Healthcare Representative,8823,19,No
20,4,1,Healthcare Representative,10322,11,No
8,5,1,Laboratory Technician,4621,3,No
2,1,4,Manufacturing Director,10976,3,No
10,3,3,Research Scientist,3660,8,No
1,2,2,Human Resources,10482,20,Yes
5,3,4,Healthcare Representative,7119,3,No
4,3,4,Sales Executive,9582,8,Yes
29,4,1,Research Scientist,4508,13,Yes
15,2,1,Laboratory Technician,2207,4,No
3,1,1,Healthcare Representative,7756,6,No
10,4,4,Sales Executive,6694,1,No
4,1,4,Laboratory Technician,3691,7,Yes
21,3,1,Laboratory Technician,2377,1,Yes
25,3,1,Research Scientist,2313,2,Yes
2,2,4,Manager,17665,22,No
1,3,1,Laboratory Technician,2596,1,Yes
1,4,4,Sales Executive,4728,0,Yes
7,3,4,Sales Executive,4302,3,No
3,4,3,Research Scientist,2979,0,No
1,4,1,Manager,16885,5,No
9,4,2,Sales Executive,5593,15,No
7,4,2,Healthcare Representative,10445,8,No
10,4,3,Sales Executive,8740,8,No
28,4,3,Research Scientist,2514,7,No
3,3,4,Manufacturing Director,7655,9,No
3,1,1,Manager,17465,12,No
2,2,4,Sales Executive,7351,1,No
27,3,3,Manufacturing Director,10820,8,No
2,3,1,Healthcare Representative,12169,18,Yes
14,3,3,Research Director,19626,20,No
1,1,4,Research Scientist,2070,2,No
9,3,3,Laboratory Technician,6782,5,No
18,4,1,Manufacturing Director,7779,11,No
20,3,3,Sales Representative,2791,2,No
2,1,1,Research Scientist,3201,5,No
11,2,4,Sales Executive,4968,5,No
8,4,4,Sales Executive,13120,9,No
2,2,4,Manufacturing Director,4033,3,No
10,3,4,Research Scientist,3291,7,No
29,3,2,Laboratory Technician,4272,1,No
8,1,2,Manufacturing Director,5056,10,No
1,3,3,Human Resources,2844,7,No
6,3,3,Research Scientist,2703,3,No
8,1,3,Laboratory Technician,1904,0,Yes
9,4,1,Sales Executive,8224,5,Yes
12,4,2,Laboratory Technician,4766,1,No
15,3,3,Laboratory Technician,2610,2,Yes
25,2,3,Healthcare Representative,5731,6,No
6,3,4,Research Scientist,2539,4,No
9,1,2,Sales Executive,5714,6,No
8,4,3,Human Resources,4323,5,No
23,1,4,Sales Executive,7336,11,Yes
9,4,2,Research Director,13499,18,No
12,3,3,Sales Executive,13758,21,Yes
4,4,2,Sales Executive,5155,6,No
1,4,4,Laboratory Technician,2258,8,No
24,3,4,Laboratory Technician,3597,4,No
12,1,3,Laboratory Technician,2515,1,Yes
3,4,1,Laboratory Technician,4420,8,No
10,3,3,Sales Executive,6578,10,No
26,2,3,Research Scientist,4422,1,No
2,3,3,Manufacturing Director,10274,7,No
1,3,4,Healthcare Representative,5343,13,No
4,4,4,Laboratory Technician,2376,2,No
9,3,1,Sales Executive,5346,4,Yes
2,1,3,Sales Representative,2827,1,No
4,4,4,Manager,19943,5,No
6,1,2,Laboratory Technician,3131,10,No
9,2,3,Research Scientist,2552,1,No
7,3,1,Research Scientist,4477,3,No
1,3,4,Manufacturing Director,6474,14,No
3,3,1,Laboratory Technician,3033,2,No
10,4,3,Research Scientist,2936,6,Yes
7,2,4,Manager,18606,7,No
15,1,2,Research Scientist,2168,5,No
3,4,3,Research Scientist,2853,0,Yes
2,3,3,Manager,17048,26,No
17,3,4,Research Scientist,2290,0,No
2,3,2,Human Resources,3600,5,No
5,2,1,Research Scientist,2107,1,Yes
29,4,3,Sales Executive,4115,4,No
2,4,2,Sales Executive,4327,0,No
2,3,4,Manager,17856,2,No
19,4,4,Laboratory Technician,3196,6,No
15,2,4,Research Director,19081,4,No
17,4,3,Sales Executive,8966,7,No
17,2,4,Laboratory Technician,2210,1,Yes
25,3,2,Sales Executive,4539,10,No
6,4,3,Laboratory Technician,2741,7,No
7,4,3,Laboratory Technician,3491,10,No
29,4,4,Research Scientist,4541,20,No
21,3,3,Sales Representative,2678,2,No
2,4,4,Manufacturing Director,7379,6,No
2,5,4,Human Resources,6272,4,No
7,4,2,Sales Executive,5220,11,No
13,3,3,Laboratory Technician,2743,2,No
2,2,4,Research Scientist,4998,8,No
1,3,3,Manufacturing Director,10252,7,No
9,3,1,Research Scientist,2781,14,No
10,3,2,Sales Executive,6852,5,No
10,4,3,Sales Executive,4950,4,No
1,3,4,Research Scientist,3579,11,No
26,5,1,Research Director,13191,1,No
8,2,3,Sales Executive,10377,13,No
14,3,1,Research Scientist,2235,9,No
1,4,4,Manufacturing Director,10502,5,No
2,1,1,Research Scientist,2011,10,No
10,3,1,Research Scientist,1859,1,Yes
1,3,1,Research Scientist,3760,3,No
3,3,4,Research Director,17779,10,No
11,2,3,Healthcare Representative,6833,6,No
24,3,3,Healthcare Representative,6812,10,No
3,3,3,Sales Executive,5171,6,No
3,3,3,Research Director,19740,8,No
4,2,1,Manager,18711,1,No
3,3,3,Research Scientist,3692,11,No
2,2,4,Laboratory Technician,2559,1,No
4,2,1,Research Scientist,2517,5,No
7,3,3,Healthcare Representative,6623,6,No
1,3,4,Research Director,18265,1,No
1,3,4,Research Director,16124,7,No
20,3,3,Research Scientist,2585,1,No
5,3,2,Manager,18213,22,No
10,5,4,Sales Executive,8380,9,No
25,3,2,Research Scientist,2994,1,No
1,2,4,Research Scientist,1223,1,No
24,1,3,Sales Representative,1118,1,Yes
4,2,3,Research Scientist,2875,8,No
2,3,1,Manager,18824,24,Yes
8,1,4,Healthcare Representative,13577,33,No
10,2,1,Laboratory Technician,2625,2,Yes
4,2,4,Manager,18789,11,No
2,3,3,Sales Executive,4538,3,No
9,3,4,Manager,19847,29,No
18,4,4,Manufacturing Director,10512,9,No
19,3,3,Laboratory Technician,4444,11,No
1,4,4,Laboratory Technician,2154,4,No
4,2,3,Manager,19190,25,No
11,3,3,Human Resources,4490,10,No
6,1,3,Research Scientist,3506,3,No
7,4,2,Research Scientist,2372,1,No
4,4,4,Sales Executive,10231,21,No
2,4,3,Manufacturing Director,5410,16,No
15,3,1,Healthcare Representative,7978,10,Yes
2,3,4,Laboratory Technician,3867,2,No
6,2,2,Laboratory Technician,2838,7,No
9,2,3,Manufacturing Director,4695,8,No
7,3,2,Laboratory Technician,3339,7,Yes
1,3,4,Research Scientist,2080,3,No
1,3,4,Research Scientist,2096,2,No
8,3,3,Sales Executive,6209,10,No
25,3,2,Manager,18061,0,No
13,4,3,Manager,17123,19,No
23,4,1,Research Scientist,2372,2,No
7,2,4,Laboratory Technician,4883,10,Yes
23,3,3,Research Scientist,3904,5,Yes
6,3,1,Laboratory Technician,4627,9,No
10,4,4,Healthcare Representative,7094,7,No
1,2,4,Human Resources,3423,7,No
1,3,3,Laboratory Technician,6674,9,No
28,3,4,Research Director,16880,3,No
25,4,4,Sales Executive,9094,5,Yes
5,3,2,Sales Executive,8446,8,Yes
17,4,2,Manager,11916,9,No
18,2,1,Manufacturing Director,4534,8,No
2,4,4,Sales Executive,9852,10,No
10,2,3,Sales Executive,6151,19,No
1,3,4,Sales Representative,2302,3,Yes
3,3,1,Laboratory Technician,2362,3,Yes
2,1,3,Manager,17861,20,No
2,2,4,Manager,19187,19,No
8,4,4,Manager,19717,7,No
16,2,3,Research Scientist,3544,4,No
9,3,4,Healthcare Representative,8500,9,No
2,3,3,Research Scientist,4661,9,No
1,3,3,Sales Executive,4103,9,No
4,4,3,Research Scientist,4249,9,No
5,3,3,Manager,14026,33,No
2,2,2,Sales Executive,6893,7,No
15,2,3,Sales Executive,6125,10,No
19,1,4,Laboratory Technician,3669,3,No
7,4,3,Manufacturing Director,10008,10,Yes
1,4,2,Laboratory Technician,2387,4,No
7,3,1,Sales Executive,4639,15,No
4,3,4,Manufacturing Director,7898,10,No
11,3,3,Sales Representative,2534,1,No
11,2,4,Manufacturing Director,13142,5,No
1,3,4,Laboratory Technician,1611,0,No
1,3,4,Laboratory Technician,5363,9,No
2,1,4,Sales Executive,5071,6,No
13,4,1,Sales Executive,13695,19,Yes
23,3,4,Manufacturing Director,13402,19,No
26,1,1,Research Scientist,2029,5,No
2,1,2,Healthcare Representative,6377,12,No
29,3,2,Laboratory Technician,5429,8,No
2,3,3,Sales Representative,2785,1,Yes
18,4,4,Sales Executive,4614,4,Yes
7,3,4,Research Scientist,2610,4,No
2,4,3,Healthcare Representative,6687,14,No
26,3,3,Sales Executive,4724,5,No
22,4,4,Manufacturing Director,6179,10,Yes
21,4,1,Sales Executive,6120,5,No
2,3,2,Sales Executive,10596,4,No
22,3,4,Research Scientist,5467,6,No
4,1,3,Research Scientist,2996,6,No
5,1,2,Sales Executive,9998,5,No
2,1,3,Sales Executive,4078,3,No
25,2,3,Healthcare Representative,10920,6,No
18,1,1,Sales Executive,6232,3,No
28,2,4,Manufacturing Director,13247,5,No
6,3,1,Research Scientist,4081,20,No
10,3,4,Sales Executive,5769,6,No
17,4,4,Research Scientist,2394,8,Yes
2,1,1,Research Scientist,3904,4,No
10,3,3,Manager,16799,20,No
8,4,3,Laboratory Technician,2950,5,No
11,3,1,Laboratory Technician,3629,3,No
18,2,3,Manufacturing Director,9362,2,No
1,3,1,Laboratory Technician,3229,3,No
7,3,3,Laboratory Technician,3578,7,No
17,3,2,Human Resources,7988,10,No
28,2,1,Laboratory Technician,4284,4,Yes
14,1,3,Healthcare Representative,7553,8,Yes
1,3,4,Research Director,17328,20,No
1,3,4,Research Director,19701,9,No
1,4,2,Research Director,14732,7,No
3,4,1,Sales Executive,9278,5,No
1,4,2,Sales Representative,1359,1,Yes
7,4,4,Sales Executive,4779,3,No
8,5,1,Research Director,16422,3,No
1,4,4,Research Scientist,2996,4,No
8,3,1,Research Scientist,1261,1,Yes
11,1,2,Laboratory Technician,2099,5,No
4,4,1,Laboratory Technician,5810,10,No
16,4,3,Sales Executive,5647,3,No
1,3,1,Research Scientist,3420,6,No
9,2,1,Sales Representative,4400,3,Yes
5,2,3,Laboratory Technician,3500,6,No
1,2,1,Research Scientist,2066,3,No
2,4,1,Research Director,17169,20,No
4,1,4,Sales Executive,4162,5,No
7,5,4,Sales Executive,9204,4,No
1,3,4,Laboratory Technician,3294,5,No
5,5,2,Research Scientist,2127,4,No
9,4,3,Laboratory Technician,3975,8,No
8,2,1,Sales Executive,10793,13,No
9,3,1,Sales Executive,10096,7,Yes
2,3,1,Laboratory Technician,3646,1,Yes
1,5,3,Manufacturing Director,7446,10,Yes
20,3,2,Healthcare Representative,10851,7,No
8,2,4,Human Resources,2109,3,No
2,3,2,Laboratory Technician,3722,2,Yes
29,3,2,Manufacturing Director,9380,3,No
7,3,3,Sales Executive,5486,2,No
9,4,1,Human Resources,2742,2,Yes
8,1,4,Research Director,13757,9,No
5,3,4,Sales Executive,8463,5,No
5,3,3,Laboratory Technician,3162,5,No
2,3,4,Research Director,16598,9,No
5,4,1,Healthcare Representative,6651,3,No
2,3,3,Research Scientist,2345,3,No
20,3,4,Research Scientist,3420,5,No
7,3,4,Sales Executive,4373,4,No
3,3,4,Sales Executive,4759,13,No
16,1,4,Sales Executive,5301,2,No
9,2,1,Laboratory Technician,3673,12,No
1,5,1,Sales Executive,4768,1,No
7,3,3,Research Scientist,1274,1,No
1,2,2,Research Scientist,4900,12,No
7,4,3,Healthcare Representative,10466,8,No
15,3,2,Research Director,17007,14,No
1,3,1,Sales Representative,2909,3,Yes
13,3,1,Sales Executive,5765,5,Yes
24,4,1,Sales Executive,4599,15,Yes
7,1,4,Sales Representative,2404,1,No
9,3,2,Laboratory Technician,3172,0,Yes
13,2,4,Sales Representative,2033,1,No
2,1,2,Manufacturing Director,10209,2,No
19,3,3,Sales Executive,8620,10,No
1,3,3,Human Resources,2064,5,No
4,4,4,Healthcare Representative,4035,3,No
4,4,1,Laboratory Technician,3838,5,No
14,3,3,Sales Executive,4591,5,No
2,2,3,Laboratory Technician,2561,0,Yes
1,3,1,Research Scientist,1563,1,No
7,3,3,Sales Executive,4898,4,No
3,2,3,Laboratory Technician,4789,3,No
2,1,4,Laboratory Technician,3180,3,No
29,1,3,Manufacturing Director,6549,8,No
8,5,4,Healthcare Representative,6388,0,No
10,3,3,Manager,11244,5,No
11,4,2,Manager,16032,14,No
1,4,1,Research Scientist,2362,9,Yes
28,3,4,Research Director,16328,20,No
6,3,2,Manufacturing Director,8376,2,No
3,3,3,Manager,16606,13,No
16,3,4,Healthcare Representative,8606,11,No
20,1,1,Laboratory Technician,2272,4,No
9,4,4,Laboratory Technician,2018,5,Yes
1,3,4,Sales Executive,7083,10,No
3,3,4,Research Scientist,4084,7,Yes
22,5,3,Research Director,14411,32,No
7,2,2,Sales Representative,2308,11,No
2,3,3,Laboratory Technician,4841,1,No
13,3,1,Research Scientist,4285,10,No
8,1,3,Healthcare Representative,9715,7,No
25,3,4,Manufacturing Director,4320,5,No
28,3,4,Research Scientist,2132,5,No
2,3,4,Healthcare Representative,10124,20,No
9,2,1,Sales Executive,5473,8,No
28,4,2,Laboratory Technician,5207,15,No
6,2,3,Manager,16437,21,No
21,2,3,Laboratory Technician,2296,1,No
8,2,4,Healthcare Representative,4069,2,No
1,4,1,Healthcare Representative,7441,10,No
28,4,2,Sales Representative,2430,5,No
5,2,4,Research Scientist,5878,7,No
2,4,3,Sales Representative,2644,3,No
16,4,3,Sales Executive,6439,8,No
9,3,3,Research Scientist,2451,1,No
8,4,1,Sales Executive,6392,2,No
1,3,2,Sales Executive,9714,10,Yes
10,4,3,Human Resources,6077,6,No
1,3,4,Laboratory Technician,2450,3,No
29,4,3,Sales Executive,9250,4,No
2,3,1,Laboratory Technician,2074,1,Yes
2,5,3,Manufacturing Director,10169,33,Yes
2,3,3,Manufacturing Director,4855,5,Yes
1,4,4,Research Scientist,4087,6,No
15,4,3,Research Scientist,2367,8,No
7,4,1,Research Scientist,2972,1,No
26,5,3,Manager,19586,36,No
1,4,2,Research Scientist,5484,2,No
3,3,1,Research Scientist,2061,1,No
14,3,3,Sales Executive,9924,9,No
16,3,2,Sales Executive,4198,3,No
1,4,2,Sales Executive,6815,1,No
3,1,2,Laboratory Technician,4723,10,No
10,4,1,Healthcare Representative,6142,5,No
6,3,4,Sales Executive,8237,7,No
2,1,1,Healthcare Representative,8853,6,No
9,3,3,Manager,19331,1,No
10,3,4,Research Scientist,2073,2,No
6,4,1,Laboratory Technician,5562,3,No
9,2,4,Manager,19613,1,No
28,3,2,Laboratory Technician,3407,10,No
10,4,4,Healthcare Representative,5063,8,No
14,2,4,Sales Executive,4639,5,No
27,3,4,Laboratory Technician,4876,6,No
7,2,3,Laboratory Technician,2690,1,No
1,4,4,Manager,17567,26,No
24,3,3,Laboratory Technician,2408,1,Yes
26,2,2,Research Scientist,2814,4,No
20,5,2,Healthcare Representative,11245,30,No
5,4,2,Research Scientist,3312,3,No
7,3,2,Research Director,19049,22,No
7,3,2,Research Scientist,2141,6,No
5,5,3,Laboratory Technician,5769,10,No
26,3,1,Sales Executive,4385,10,No
2,4,4,Sales Executive,5332,5,No
12,4,3,Manufacturing Director,4663,3,No
10,4,3,Manufacturing Director,4724,9,No
25,4,3,Laboratory Technician,3211,9,No
10,5,2,Manufacturing Director,5377,7,No
19,3,4,Laboratory Technician,4066,7,No
18,5,2,Research Scientist,5208,16,No
27,3,2,Manufacturing Director,4877,5,No
5,1,3,Research Scientist,3117,2,No
3,2,2,Sales Representative,1569,0,Yes
26,4,4,Manager,19658,5,No
3,2,3,Laboratory Technician,3069,10,No
15,3,1,Manufacturing Director,10435,18,No
8,4,3,Healthcare Representative,4148,14,No
19,3,3,Manufacturing Director,5768,4,No
4,3,1,Manufacturing Director,5042,9,No
2,2,4,Manufacturing Director,5770,10,No
2,2,4,Manufacturing Director,7756,5,No
10,3,4,Sales Executive,10306,13,Yes
10,3,2,Research Scientist,3936,8,No
16,3,3,Manufacturing Director,7945,4,No
1,5,1,Human Resources,5743,10,No
4,5,3,Manager,15202,2,No
15,2,1,Sales Executive,5440,2,Yes
2,1,1,Research Scientist,3760,6,No
8,3,2,Research Scientist,3517,3,No
2,3,4,Research Scientist,2580,4,No
7,3,1,Laboratory Technician,2166,4,Yes
10,3,3,Sales Executive,5869,5,No
5,4,2,Healthcare Representative,8008,3,No
2,1,4,Manufacturing Director,5206,7,No
12,3,4,Manufacturing Director,5295,5,No
22,4,1,Research Director,16413,4,No
17,5,4,Research Director,13269,14,No
2,3,3,Sales Representative,2783,2,No
3,3,4,Research Scientist,5433,11,No
7,3,1,Laboratory Technician,2013,4,No
6,1,3,Healthcare Representative,13966,15,No
1,4,4,Manufacturing Director,4374,3,No
3,2,4,Healthcare Representative,6842,5,No
22,5,2,Manager,17426,10,No
15,2,3,Research Director,17603,14,No
12,4,4,Sales Executive,4581,11,Yes
1,3,4,Research Scientist,4735,13,No
5,3,1,Sales Executive,4187,10,No
2,4,4,Sales Executive,5505,6,No
2,3,4,Research Scientist,5470,9,No
5,4,1,Sales Executive,5476,10,No
16,3,4,Laboratory Technician,2587,2,No
2,3,4,Laboratory Technician,2440,4,No
2,4,2,Manager,15972,3,No
1,3,3,Manager,15379,8,No
23,2,4,Sales Executive,7082,2,No
9,1,4,Sales Representative,2728,2,No
16,3,3,Sales Executive,5368,6,No
26,4,1,Healthcare Representative,5347,3,No
1,3,3,Human Resources,3195,2,No
8,1,4,Laboratory Technician,3989,5,Yes
4,2,4,Laboratory Technician,3306,0,No
24,4,2,Healthcare Representative,7005,4,No
7,2,4,Sales Representative,2655,9,Yes
2,4,4,Laboratory Technician,1393,1,Yes
7,3,4,Laboratory Technician,2570,7,No
22,3,1,Research Scientist,3537,4,No
5,2,2,Laboratory Technician,3986,15,No
1,4,3,Healthcare Representative,10883,1,No
21,3,2,Laboratory Technician,2028,14,No
1,4,3,Sales Executive,9525,6,No
19,3,2,Research Scientist,2929,10,No
7,3,3,Sales Representative,2275,3,Yes
2,3,3,Healthcare Representative,7879,8,No
2,4,1,Research Scientist,4930,5,No
2,3,4,Sales Executive,7847,10,No
9,3,3,Research Scientist,4401,5,No
6,3,4,Sales Executive,9241,10,No
9,4,4,Laboratory Technician,2974,5,No
2,4,3,Sales Representative,4502,13,No
1,1,3,Healthcare Representative,10748,23,No
22,1,4,Human Resources,1555,1,Yes
9,3,3,Sales Executive,12936,23,Yes
17,4,4,Laboratory Technician,2305,3,No
28,2,4,Research Director,16704,21,No
10,3,1,Research Scientist,3433,5,No
2,4,2,Laboratory Technician,3477,5,No
4,3,3,Human Resources,6430,3,No
8,2,2,Manufacturing Director,6516,1,No
29,1,2,Laboratory Technician,3907,6,No
13,4,3,Healthcare Representative,5562,10,No
27,4,4,Manufacturing Director,6883,7,No
16,1,2,Research Scientist,2862,10,No
2,4,3,Sales Executive,4978,1,No
2,3,3,Sales Executive,10368,10,No
13,5,2,Sales Executive,6134,2,Yes
1,2,1,Sales Executive,6735,0,Yes
4,1,3,Laboratory Technician,3295,3,No
24,1,4,Manufacturing Director,5238,5,No
1,3,4,Laboratory Technician,6472,9,No
19,3,4,Sales Executive,9610,4,No
7,4,2,Manager,19833,21,No
4,3,3,Human Resources,9756,5,No
2,4,4,Research Scientist,4968,9,No
10,3,1,Human Resources,2145,2,No
8,3,3,Human Resources,2180,4,Yes
5,3,1,Sales Executive,8346,5,No
8,3,3,Research Scientist,3445,6,No
9,3,2,Sales Representative,2760,2,Yes
1,3,4,Healthcare Representative,6294,3,No
15,2,3,Sales Executive,7140,7,No
2,4,4,Research Scientist,2932,5,No
2,3,4,Sales Executive,5147,11,No
11,4,4,Sales Executive,4507,5,No
16,3,1,Sales Executive,8564,0,Yes
2,2,3,Laboratory Technician,2468,6,No
16,4,1,Sales Executive,8161,1,Yes
4,3,4,Research Scientist,2109,1,No
16,3,3,Healthcare Representative,5294,7,No
5,4,2,Research Scientist,2718,7,No
18,3,2,Healthcare Representative,5811,1,No
17,3,3,Research Scientist,2437,1,Yes
12,3,2,Laboratory Technician,2766,5,No
2,3,3,Research Director,19038,1,No
4,3,4,Research Scientist,3055,9,No
9,4,3,Laboratory Technician,2289,5,No
10,3,4,Sales Executive,4001,15,No
1,4,1,Manufacturing Director,12965,3,No
2,3,2,Human Resources,3539,9,No
3,2,4,Sales Executive,6029,2,No
7,1,2,Sales Representative,2679,1,Yes
6,2,4,Laboratory Technician,3702,5,No
8,1,3,Laboratory Technician,2398,1,Yes
29,4,1,Sales Executive,5468,12,No
3,3,1,Manager,13116,2,No
9,2,2,Sales Executive,4189,5,No
2,4,3,Research Director,19328,2,No
10,3,4,Healthcare Representative,8321,12,No
1,2,3,Research Scientist,2342,5,Yes
8,2,3,Human Resources,4071,10,No
27,3,3,Sales Executive,5813,10,Yes
8,4,4,Research Scientist,3143,10,No
1,3,3,Research Scientist,2044,5,No
10,1,3,Research Director,13464,4,No
26,2,2,Sales Executive,7991,2,No
2,2,3,Laboratory Technician,3377,4,No
13,3,2,Healthcare Representative,5538,0,No
2,2,2,Manufacturing Director,5762,7,No
2,3,1,Human Resources,2592,11,No
9,4,4,Laboratory Technician,5346,7,Yes
10,4,4,Manufacturing Director,4213,10,Yes
20,3,3,Sales Executive,4127,2,No
9,3,1,Research Scientist,2438,3,No
5,3,2,Healthcare Representative,6870,3,No
4,1,3,Sales Executive,10447,22,No
10,3,1,Manufacturing Director,9667,7,No
20,2,4,Human Resources,2148,5,Yes
21,2,4,Healthcare Representative,8926,9,Yes
1,3,3,Healthcare Representative,6513,5,No
8,2,2,Sales Executive,6799,10,No
2,3,2,Manager,16291,16,No
23,4,2,Laboratory Technician,2705,5,No
4,3,3,Manufacturing Director,10333,22,No
12,3,2,Healthcare Representative,4448,7,No
7,4,4,Research Scientist,6854,7,No
7,4,1,Sales Executive,9637,3,No
1,3,3,Research Scientist,3591,3,No
2,4,2,Sales Representative,5405,4,No
10,3,3,Sales Executive,4684,5,No
15,4,1,Research Director,15787,2,No
14,3,2,Research Scientist,1514,0,No
18,5,4,Human Resources,2956,1,Yes
13,3,1,Human Resources,2335,2,Yes
2,4,3,Sales Executive,5154,8,No
2,4,4,Research Scientist,6962,1,No
2,4,1,Sales Executive,5675,7,No
5,2,4,Laboratory Technician,2379,5,No
20,1,4,Laboratory Technician,3812,11,No
10,4,4,Sales Executive,4648,0,No
10,4,3,Research Scientist,2936,6,No
9,4,2,Laboratory Technician,2105,2,No
2,2,4,Manufacturing Director,8578,9,No
1,2,3,Human Resources,2706,3,No
29,1,4,Healthcare Representative,6384,7,No
8,3,4,Laboratory Technician,3968,0,No
2,4,3,Sales Executive,9907,2,Yes
3,3,1,Sales Executive,13225,19,No
23,1,2,Sales Representative,3540,9,No
6,1,4,Human Resources,2804,1,No
6,3,1,Manager,19392,16,No
10,3,4,Research Director,19665,22,No
24,2,4,Research Scientist,2439,1,Yes
10,3,3,Sales Executive,7314,8,Yes
15,3,4,Research Scientist,4774,7,No
19,4,4,Research Scientist,3902,2,No
2,4,2,Research Scientist,2662,5,No
3,3,2,Sales Representative,2856,1,No
9,3,2,Sales Representative,1081,1,Yes
7,1,4,Research Scientist,2472,1,Yes
10,4,2,Sales Executive,5673,10,No
20,3,2,Laboratory Technician,4197,10,No
4,3,3,Sales Executive,9713,5,No
7,3,4,Laboratory Technician,2062,3,No
7,4,4,Research Scientist,4284,5,No
16,2,4,Manufacturing Director,4788,3,No
25,2,2,Manufacturing Director,5906,9,No
2,1,2,Human Resources,3886,10,No
1,4,1,Manager,16823,19,No
1,2,2,Research Scientist,2933,1,No
2,2,1,Sales Executive,6500,8,No
22,3,4,Manager,17174,22,No
1,4,2,Healthcare Representative,5033,2,No
16,4,4,Research Scientist,2307,5,Yes
24,2,1,Laboratory Technician,2587,4,Yes
17,2,3,Sales Executive,5507,4,No
8,3,3,Sales Executive,4393,5,No
6,3,3,Research Director,13348,13,No
10,2,3,Sales Executive,6583,5,No
3,1,4,Sales Executive,8103,4,No
4,3,1,Laboratory Technician,3978,2,No
6,3,3,Laboratory Technician,2544,7,No
1,4,2,Healthcare Representative,5399,4,No
10,4,2,Sales Executive,5487,10,No
1,2,3,Sales Executive,6834,7,No
24,3,3,Sales Representative,1091,1,Yes
21,4,1,Sales Executive,5736,3,No
2,4,2,Research Scientist,2226,5,No
22,4,3,Research Scientist,5747,15,No
13,2,4,Sales Executive,9854,2,Yes
14,4,3,Research Scientist,5467,8,No
11,5,4,Sales Executive,5380,0,No
9,2,1,Manufacturing Director,5151,10,No
8,3,4,Research Scientist,2133,20,No
21,3,4,Manager,17875,1,No
5,2,1,Research Scientist,2432,4,Yes
9,2,2,Research Scientist,4771,5,No
2,1,2,Research Director,19161,5,No
12,4,2,Sales Executive,5087,0,No
22,3,1,Human Resources,2863,1,Yes
18,4,2,Sales Executive,5561,5,No
16,3,3,Research Scientist,2144,5,No
3,2,3,Research Scientist,3065,4,No
9,4,1,Laboratory Technician,2810,5,No
1,3,1,Sales Executive,9888,14,No
13,4,4,Sales Executive,8628,8,No
1,3,3,Laboratory Technician,2867,7,No
1,3,1,Healthcare Representative,5373,5,No
15,4,3,Healthcare Representative,6667,5,No
1,3,4,Research Scientist,5003,10,No
17,3,3,Laboratory Technician,2367,4,Yes
1,3,1,Sales Representative,2858,1,No
7,4,3,Sales Executive,5204,10,No
9,3,4,Sales Executive,4105,7,No
5,4,4,Manufacturing Director,9679,1,No
26,4,1,Sales Executive,5617,10,Yes
24,4,1,Sales Executive,10448,2,Yes
9,2,1,Research Scientist,2897,4,No
7,2,4,Healthcare Representative,5968,9,No
11,3,1,Healthcare Representative,7510,10,No
1,4,4,Human Resources,2991,6,No
26,4,3,Manager,19636,10,No
2,1,4,Laboratory Technician,1129,1,No
15,4,2,Sales Executive,13341,20,No
23,2,4,Research Scientist,4332,20,No
10,3,3,Research Director,11031,11,No
10,3,3,Manufacturing Director,4440,5,No
1,2,2,Healthcare Representative,4617,4,No
12,2,4,Laboratory Technician,2647,5,No
11,3,4,Laboratory Technician,6323,10,No
2,2,2,Sales Executive,5677,11,No
2,3,3,Human Resources,2187,2,No
1,2,4,Laboratory Technician,3748,12,No
2,1,4,Laboratory Technician,3977,2,No
25,3,1,Healthcare Representative,8633,17,No
1,2,2,Laboratory Technician,2008,1,No
1,4,4,Sales Executive,4440,15,No
2,2,1,Sales Representative,3067,2,No
6,4,1,Manufacturing Director,5321,8,No
18,4,4,Research Scientist,5410,4,No
1,3,4,Research Scientist,2782,5,No
1,1,3,Research Director,11957,13,No
11,4,4,Laboratory Technician,2660,2,No
1,2,4,Research Scientist,3375,3,No
9,4,2,Research Scientist,5098,10,No
15,2,2,Healthcare Representative,4878,9,No
29,4,3,Laboratory Technician,2837,6,No
1,4,1,Laboratory Technician,2406,1,No
1,4,2,Sales Representative,2269,2,No
24,1,1,Research Scientist,4108,7,No
10,3,2,Research Director,13206,18,No
1,4,3,Sales Executive,10422,14,No
10,3,3,Research Director,13744,16,No
8,2,1,Sales Executive,4907,5,No
29,4,1,Sales Representative,3482,9,No
1,3,2,Research Scientist,2436,4,No
5,1,3,Sales Representative,2380,2,No
9,3,4,Manager,19431,6,No
9,3,4,Sales Representative,1790,1,Yes
3,3,1,Sales Executive,7644,9,No
4,2,4,Manufacturing Director,5131,4,No
1,4,3,Healthcare Representative,6306,13,No
1,4,1,Research Scientist,4787,2,Yes
2,3,1,Manager,18880,22,No
7,2,4,Laboratory Technician,2339,10,Yes
28,4,1,Manufacturing Director,13570,20,No
28,3,4,Sales Executive,6712,8,No
15,4,4,Sales Executive,5406,15,No
3,3,3,Sales Executive,8938,5,No
2,3,4,Research Scientist,2439,4,No
26,4,3,Human Resources,8837,9,No
10,2,1,Sales Executive,5343,10,No
1,4,2,Sales Executive,6728,6,Yes
11,4,2,Sales Executive,6652,6,No
20,3,4,Sales Executive,4850,5,No
2,4,3,Research Scientist,2809,2,No
18,4,3,Healthcare Representative,5689,10,No
2,4,3,Research Scientist,2001,5,No
1,4,3,Research Scientist,2977,4,No
13,2,4,Laboratory Technician,4025,4,No
28,4,4,Research Scientist,3785,5,No
28,3,4,Sales Executive,10854,3,Yes
24,1,2,Sales Executive,12031,20,No
5,3,2,Manufacturing Director,9936,9,No
5,3,4,Sales Representative,2966,4,No
23,2,3,Laboratory Technician,2571,5,No
6,1,4,Healthcare Representative,9991,7,No
4,3,2,Manufacturing Director,6142,6,No
2,3,4,Sales Executive,5390,9,No
8,3,2,Laboratory Technician,4404,4,No
